Amenity Type,Name,Latitude,Longitude,road,suburb,state_district,road_count,suburb_count,district_count
bar,Club Paraiso,21.2599271,81.5958741,Gudhiyari Road,,Raipur,5,0,243
bar,j juice bar,21.2427,81.6436235,NH30,,Raipur,50,0,243
bar,Metro 7X11,21.2403147,81.625387,G.E. Road,,Raipur,27,0,243
bar,Orchid,21.2517794,81.6480269,NH130B,,Raipur,8,0,243
cafe,CCD chotpara,21.2383648,81.6403175,stadium road,,Raipur,4,0,243
cafe,Cafe Coffee Day,21.2559191,81.6296579,Atal Path,,Raipur,4,0,243
cafe,Cafe Confusion,21.2271376,81.650141,NH53,,Raipur,24,0,243
cafe,H3 cafe,21.22391,81.650734,NH53,,Raipur,24,0,243
cafe,giani's,21.2180283,81.3322482,Junwani Road,,Durg,5,0,105
cafe,Nanhe coffee,21.1872011,81.3444606,Central Avenue,,Durg,7,0,105
fast_food,veggies,21.2456999,81.6416804,NH30,,Raipur,50,0,243
fast_food,GOLI Vada Pav No. 1,21.2435959,81.6344033,KK Road,,Raipur,8,0,243
fast_food,Little HUT,21.243981,81.6104305,G.E. Road,,Raipur,27,0,243
fast_food,Bunk class,21.2517898,81.5985313,GE Road,,Raipur,17,0,243
fast_food,Domino's,21.2557983,81.6295825,Atal Path,,Raipur,4,0,243
fast_food,Om Ganga Bhelpuri,21.2372988,81.5969802,NH53,,Raipur,24,0,243
fast_food,Jain Chat and Gupchup Centre,21.2368282,81.5960693,NH53,,Raipur,24,0,243
fast_food,BIRYANI Cafe Coffe Restaurant,21.2338922,81.5953294,NH53,,Raipur,24,0,243
food_court,KHANA KHAZANA,21.2431969,81.6143896,G.E. Road,,Raipur,27,0,243
food_court,Rajasthani Thali,21.2434044,81.6131723,G.E. Road,,Raipur,27,0,243
food_court,Canteen,21.2494172,81.6062306,GE Road,,Raipur,17,0,243
ice_cream,CELESTY,21.243989,81.6104019,G.E. Road,,Raipur,27,0,243
ice_cream,Ice Cream parler,21.2679215,81.6180732,shrinagar gondwara road,,Raipur,2,0,243
ice_cream,Natural Fresh Ice-Cream,21.2156291,81.3223737,Street-7,,Durg,1,0,105
restaurant,Grand Dhillon,21.2007865,81.323755,Durg Bypass Road,,Durg,4,0,105
restaurant,Flora the resturant,21.2473842,81.6434345,NH130B,,Raipur,8,0,243
restaurant,Mario's,21.2558241,81.6296152,Atal Path,,Raipur,4,0,243
restaurant,Indian chilly,21.2382441,81.6440812,NH30,,Raipur,50,0,243
restaurant,Good Food restaurant,21.2405404,81.6306648,GE Road,,Raipur,17,0,243
restaurant,Pizza Hut,21.2558937,81.6376719,NH30,,Raipur,50,0,243
restaurant,Nukkad the teafe,21.2465046,81.6232362,G.E. Road,,Raipur,27,0,243
restaurant,Bambooza good food hut,21.2382105,81.6438036,NH30,,Raipur,50,0,243
restaurant,Nest Bar&Resturant,21.2206038,81.6501992,Pachpedi Naka Flyover,,Raipur,3,0,243
restaurant,Girnar Restaurant,21.2436938,81.6351022,Malviya Main Road,,Raipur,6,0,243
restaurant,Mocha Express,21.2376896,81.6464063,NH30,,Raipur,50,0,243
restaurant,Domino's,21.2551038,81.6464992,Atal Path Flyover,,Raipur,2,0,243
restaurant,shamrock,21.2521319,81.6495489,Atal Path Flyover,,Raipur,2,0,243
restaurant,Science college Canteen,21.247075,81.6019559,GE Road,,Raipur,17,0,243
restaurant,Punjabi Dhaba,21.2526873,81.5984613,GE Road,,Raipur,17,0,243
restaurant,Noorjahan,21.2520432,81.5980279,GE Road,,Raipur,17,0,243
restaurant,Bajrang Hotel,21.2549576,81.5940851,Amanaka Flyover,,Raipur,3,0,243
restaurant,Madrasi Restaurant,21.2416937,81.6360492,Malviya Main Road,,Raipur,6,0,243
restaurant,Madrasi Bites,21.2516496,81.6475348,NH130B,,Raipur,8,0,243
restaurant,Madrasi Food Park,21.2462936,81.6059652,G.E. Road,,Raipur,27,0,243
restaurant,Madrasi Highway,21.2170848,81.6237222,Flyover,,Raipur,5,0,243
restaurant,Dashmesh Dhaba,21.2431619,81.4993291,NH53,,Durg,24,0,105
restaurant,Bhadohi Chat Corner,21.2196344,81.3529651,KOHKA KURUD ROAD,,Durg,1,0,105
restaurant,Highway Dhaba,21.2348483,81.5926767,NH53,,Raipur,24,0,243
restaurant,ROY DHABA,21.234677,81.5932129,NH53,,Raipur,24,0,243
restaurant,Juice factory,21.1874052,81.3441108,Central Avenue,,Durg,7,0,105
restaurant,Manju Mamta,21.244113,81.6338054,KK Road,,Raipur,8,0,243
restaurant,new nanhe cafe,21.1876983,81.3444751,Central Avenue,,Durg,7,0,105
restaurant,chaika adda,21.1874662,81.3444922,Central Avenue,,Durg,7,0,105
restaurant,Real Momos,21.2134002,81.3174221,Smriti Nagar Road,,Durg,3,0,105
restaurant,Panjabi Bhojnalaya,21.2201228,81.6485934,Pachpedi Naka Flyover,,Raipur,3,0,243
college,kalyan p g college,21.195625,81.3331817,Garage Road,,Durg,3,0,105
college,Science College,21.1965463,81.2970984,SH7,,Durg,32,0,105
college,government dentalcollege,21.2479688,81.6394641,Entrance to SBI and Daga College,,Raipur,3,0,243
college,Government .J. yaganandam chittisgarh college,21.2358387,81.6469485,shyam nagar road,,Raipur,9,0,243
college,Government nagarjuna post graduate college of science,21.2477275,81.6022271,GE Road,,Raipur,17,0,243
college,Pragati College,21.2470914,81.614792,Shyam Mandir Marg,,Raipur,7,0,243
college,"PG Daga Girls College, Raipur",21.2468627,81.6403859,Entrance to SBI and Daga College,,Raipur,3,0,243
college,Gurukul College Ground,21.2349293,81.6401107,NH30,,Raipur,50,0,243
college,govt cg college,21.2357304,81.6469417,shyam nagar road,,Raipur,9,0,243
college,govt j.yogananad,21.2357342,81.6469051,shyam nagar road,,Raipur,9,0,243
college,GOVT. DB GIRLS PG COLLEGE,21.2328154,81.6366541,NH30,,Raipur,50,0,243
college,Cricket and Hockey Ground,21.2477393,81.6049309,GE Road,,Raipur,17,0,243
college,Football Ground,21.2490285,81.6069578,GE Road,,Raipur,17,0,243
library,Central Library,21.2452169,81.6077243,GE Road,,Raipur,17,0,243
library,Central Library,21.2172951,81.3074604,Shri Shankaracharya College Road,,Durg,2,0,105
training,i-Gate Bhilai Second Building,21.2130623,81.3164368,Smriti Nagar Road,,Durg,3,0,105
training,i-Gate Bhilai Main Building,21.211937,81.3136902,Smriti Nagar Road,,Durg,3,0,105
school,gov.hs.school somni,21.1246309,81.1440276,NH53,,Rajnandgaon,24,0,2
school,DAV Model School,21.1988498,81.2851601,SH7,,Durg,32,0,105
school,Holy Heartseducational academy,21.2374171,81.6480843,shyam nagar road,,Raipur,9,0,243
school,Mayoor school,21.2349537,81.6495081,shyam nagar road,,Raipur,9,0,243
school,Bharat Mata higher secondary school,21.2604534,81.5742895,G.E. Road,,Raipur,27,0,243
school,The Radient Way School,21.2451205,81.5880403,Banjarimata road,,Raipur,2,0,243
school,Grass Memorial Ground,21.2385713,81.6450914,NH30,,Raipur,50,0,243
school,rajkumar college,21.2432541,81.6125936,GE Road,,Raipur,17,0,243
school,Sarsvati H.S. Girl's School,21.2350301,81.6256611,Main road,,Raipur,7,0,243
school,Raipur Convent Hr. Sec. School,21.2644553,81.6184735,Gudhiyari Road,,Raipur,5,0,243
school,Dani Girls Higher Secondary School,21.2336814,81.6362732,saprey school road,,Raipur,6,0,243
school,nationl convent,21.2286881,81.6073713,NH53,,Raipur,24,0,243
school,aadvani Govt.H.S. School Birgaon,21.3063415,81.6344311,NH30,,Raipur,50,0,243
school,LITTILE FLOWER SCHOOL,21.2406958,81.5972333,NIT Road,,Raipur,2,0,243
school,DANI GIRLS SCHOOL,21.2333529,81.6360801,saprey school road,,Raipur,6,0,243
school,Daffodils English School,21.2574871,81.6049235,Gudhiyari Road,,Raipur,5,0,243
school,Krishna Public School,21.2096318,81.3222215,Cross Street-5,,Durg,1,0,105
school,Govt Primary School Umarpoti,21.1303859,81.3476775,Durg - Raipur - Arang Expressway,,Durg,3,0,105
school,Excel Educational Institute,21.2212188,81.6466481,NH30,,Raipur,50,0,243
school,Allen Carrier Institute Raipur,21.2234141,81.6453632,NH30,,Raipur,50,0,243
boat_rental,Ajay book dipo,21.2350032,81.6247099,Main road,,Raipur,7,0,243
fuel,Petrol Pump,21.1988161,81.2875627,SH7,,Durg,32,0,105
fuel,Petrol Pump,21.1991215,81.3363171,Garage Road,,Durg,3,0,105
fuel,Star indian oil,21.2313834,81.6400239,NH30,,Raipur,50,0,243
fuel,Hindustan Petroleum,21.2334375,81.6489172,shyam nagar road,,Raipur,9,0,243
fuel,BP petrol bunk,21.2437617,81.6363645,Malviya Main Road,,Raipur,6,0,243
fuel,all india radio petrolbunk,21.2386177,81.6460842,NH30,,Raipur,50,0,243
fuel,F R fuels,21.2430639,81.6147915,G.E. Road,,Raipur,27,0,243
fuel,vinu Petrol Pump,21.308663,81.6360082,NH30,,Raipur,50,0,243
fuel,HP Petrol Pump,21.2953622,81.6368558,NH30,,Raipur,50,0,243
fuel,Bharat Petroleum,21.2950373,81.6359653,Ring Road No.2,,Raipur,3,0,243
fuel,Reliance petrol pump,21.2895164,81.625561,Ring Road No.2,,Raipur,3,0,243
fuel,HP Petrol Pump,21.1870784,81.3378103,Central Avenue,,Durg,7,0,105
fuel,Hindustan Petroleum,21.252124,81.598232,GE Road,,Raipur,17,0,243
fuel,Junwani Petrol Pump,21.2181873,81.3175659,Junwani Road,,Durg,5,0,105
fuel,Bharat Petroleum,21.3349771,81.6218385,NH30,,Raipur,50,0,243
atm,State Bank Of India ATM,21.2471838,81.6140243,Shyam Mandir Marg,,Raipur,7,0,243
atm,State Bank Of India ATM,21.2465712,81.630591,KK Road,,Raipur,8,0,243
atm,HDFC Bank,21.2547038,81.6403411,NH30,,Raipur,50,0,243
atm,Central Bank of India ATM,21.2569531,81.6342916,Raman  mandir Road,,Raipur,1,0,243
atm,Central Bank of India ATM,21.3058112,81.6256862,NH30,,Raipur,50,0,243
atm,Bank of India,21.2553181,81.6360501,Malviya Main Road,,Raipur,6,0,243
atm,Bank of India,21.2463094,81.6263989,G.E. Road,,Raipur,27,0,243
atm,Union Bank Of India ATM,21.2462563,81.6219835,G.E. Road,,Raipur,27,0,243
atm,Union Bank Of India ATM,21.2449544,81.6394236,NH30,,Raipur,50,0,243
atm,ICICI Bank ATM,21.2465837,81.6153024,Shyam Mandir Marg,,Raipur,7,0,243
atm,ICICI Bank ATM,21.2402287,81.6386182,Malviya Main Road,,Raipur,6,0,243
atm,Punjab National Bank ATM,21.2380262,81.6380392,stadium road,,Raipur,4,0,243
atm,Dena Bank ATM,21.2595531,81.5731813,G.E. Road,,Raipur,27,0,243
atm,SBI ATM,21.2351432,81.6248052,Main road,,Raipur,7,0,243
bank,Canara Bank,21.199058,81.2854605,SH7,,Durg,32,0,105
clinic,"Gupta Nursing Home, Durg",21.2000387,81.2827128,SH7,,Durg,32,0,105
clinic,Farishta Nursing Home,21.2338498,81.6494626,shyam nagar road,,Raipur,9,0,243
clinic,Memon Nursing Home,21.2291608,81.6491957,kt road,,Raipur,2,0,243
clinic,Dr. Saleems Iccu and Critical Care Nusing Home,21.2456609,81.6491719,RANI SATI MANDIR COLONY ROAD,,Bilaspur,2,0,1
clinic,Aarogyadham Nursing Home,21.2575527,81.5897512,Mahoba Bazar Road,,Raipur,2,0,243
clinic,Sarbhai Nursing Home,21.2346441,81.6097623,Mahadev Ghat Main Road,,Raipur,16,0,243
clinic,R.S. Polyclinic and Diagnostic Center,21.2597924,81.5778489,G.E. Road,,Raipur,27,0,243
clinic,"Devika Nursing Home, Sindhi Colony, Station Road, Durg",21.1932224,81.28662,SH7,,Durg,32,0,105
clinic,Bhilai Nursing Home,21.2093283,81.3585717,Flyover,,Durg,5,0,105
clinic,Sachdev Nursing Home and Diagnostic Entre,21.2461629,81.6240438,G.E. Road,,Raipur,27,0,243
clinic,"Pandey Nursing Home, Raipur",21.2465695,81.6196019,Shyam Mandir Marg,,Raipur,7,0,243
clinic,Bhaskar Eye Care,21.2385456,81.6221456,Main road,,Raipur,7,0,243
clinic,Gawari Ivf Center and Nursing Home,21.2616409,81.637803,NH30,,Raipur,50,0,243
clinic,Janaswamy Foundation (Janaswamy Eye Clinic),21.2356911,81.6359375,saprey school road,,Raipur,6,0,243
clinic,Parag Nursing Home,21.260982,81.6372753,NH30,,Raipur,50,0,243
clinic,Bagdi Nursing Home,21.2377905,81.6321281,bohra gali,,Raipur,1,0,243
clinic,Dr Siddiqui Eye Hospital,21.1936875,81.2871954,SH7,,Durg,32,0,105
clinic,Ahluwalia Nursing Home,21.2502459,81.6293541,KK Road,,Raipur,8,0,243
clinic,Agrwal Nursing Home,21.2460936,81.6258404,G.E. Road,,Durg,27,0,105
clinic,ESIS Dispensary,21.262291,81.637089,NH30,,Raipur,50,0,243
clinic,Akruti Clinic,21.1866994,81.2743692,SH7,,Durg,32,0,105
clinic,Dr M K Sahu clinic,21.180634,81.2879125,Utai Road,,Durg,21,0,105
clinic,Dr Chakresh Jain Homoeopathic Clinic,21.2388587,81.5986345,NIT Road,,Raipur,2,0,243
clinic,"Dr Lunia's Gastro, Liver & Advance Endoscopy Center",21.233365,81.6393438,Hanuman nagar road,,Raipur,2,0,243
clinic,Bhilai Speech and Hearing Clinic,21.186557,81.280345,Utai Road,,Durg,21,0,105
clinic,DR RITESH WALMIK CHILD CLINIC,21.1741267,81.2944071,Utai Road,,Durg,21,0,105
clinic,Jain Dental Care & Implant Centre,21.235514,81.641912,NH30,,Raipur,50,0,243
clinic,Nandini Dental Clinic,21.1726495,81.2959181,Utai Road,,Durg,21,0,105
clinic,Solanki Diabetes-Thyroid-Hormone Clinic,21.2337331,81.6505415,shyam nagar road,,Raipur,9,0,243
clinic,Mp Nursing Home,21.195465,81.2831188,SH7,,Durg,32,0,105
clinic,Dr Nisha Yadu Clinic,21.2330248,81.6473066,shyam nagar road,,Raipur,9,0,243
clinic,Dhillon Nursing Home,21.1919296,81.2862965,SH7,,Durg,32,0,105
clinic,Women Care Clinic,21.2317874,81.639567,NH30,,Raipur,50,0,243
clinic,Old Shree sai nursing home,21.1776026,81.2963988,Utai Road,,Durg,21,0,105
clinic,Dr.Tamrakar Homeopathy clinic,21.1743209,81.2963188,Utai Road,,Durg,21,0,105
clinic,Dr Telang Clinic,21.1877333,81.2818143,Utai Road,,Durg,21,0,105
clinic,Kothari Nursing Home,21.1863505,81.2754115,SH7,,Durg,32,0,105
clinic,Sanjeevani clinic,21.181497,81.287089,Utai Road,,Durg,21,0,105
clinic,Perfect Skin And Hair Clinic,21.173832,81.2943651,Utai Road,,Durg,21,0,105
clinic,Ashirya Dental And Polyclinic,21.1701728,81.2966674,Utai Road,,Durg,21,0,105
clinic,Dr. Chandrawansi Clinic,21.2341727,81.6112236,Mahadev Ghat Main Road,,Raipur,16,0,243
clinic,Pandey Nursing Home,21.198276,81.287376,SH7,,Durg,32,0,105
clinic,Narayani heart & diabetes clinic,21.1906609,81.2849234,SH7,,Durg,32,0,105
clinic,Dr NareshSwarnkar dental clinic,21.174696,81.293586,Utai Road,,Durg,21,0,105
clinic,Soni German Homeo and Patanjali Store,21.1742557,81.2969827,Utai Road,,Durg,21,0,105
clinic,Naik nursing home,21.198724,81.284765,SH7,,Durg,32,0,105
clinic,Sharma Multi-speciality Clinic,21.2069127,81.3473509,Flyover,,Durg,5,0,105
dentist,Gupta Dental Clinic,21.2499178,81.646248,NH130B,,Raipur,8,0,243
dentist,Chhattisgarh Dental Hospital,21.2377412,81.6377909,stadium road,,Raipur,4,0,243
dentist,Raipur Multispeciality Dental Hospital,21.2363554,81.6335989,full chock,,Raipur,3,0,243
doctors,DR. AGRAWAL(leproscopy),21.2438717,81.6122595,G.E. Road,,Raipur,27,0,243
hospital,Life Care Scan & Research,21.1994701,81.2857545,SH7,,Durg,32,0,105
hospital,"Gayatri Hospital, Durg",21.198755,81.2856067,SH7,,Durg,32,0,105
hospital,District Hospital,21.1872237,81.2794181,Utai Road,,Durg,21,0,105
hospital,ABC,21.1897672,81.2746431,SH7,,Durg,32,0,105
hospital,bagri nursing home,21.2414376,81.6232005,G.E. Road,,Raipur,27,0,243
hospital,Suyash Superspeciality Hospital,21.2584938,81.6060273,Gudhiyari Road,,Raipur,5,0,243
hospital,Bal Gopal Children Hospital and Research Institute,21.2349337,81.6413322,NH30,,Raipur,50,0,243
hospital,Yashwant Hospital,21.2403202,81.6293508,G.E. Road,,Raipur,27,0,243
hospital,Gindodi Devi Memorial Charitable Reserch Center,21.2075561,81.4013372,NH53,,Durg,24,0,105
hospital,jain mandir,21.2274864,81.6480755,NH30,,Raipur,50,0,243
hospital,chandak hospital,21.2278656,81.6484364,kt road,,Raipur,2,0,243
hospital,sukriti hospital,21.2506345,81.649911,NH130B,,Raipur,8,0,243
hospital,Shri Sai Ganesh Hospital,21.266195,81.6181222,Gudhiyari Road,,Raipur,5,0,243
hospital,Om Hospital,21.231444,81.6030309,Mahadev Ghat Main Road,,Raipur,16,0,243
hospital,Manoharlal Government Hospital,21.2077162,81.4011762,NH53,,Durg,24,0,105
hospital,sharda hospital birgaon,21.3057768,81.635563,NH30,,Raipur,50,0,243
hospital,N.K.D. Hospital,21.3054532,81.633495,NH30,,Raipur,50,0,243
hospital,hospital pt. rsu,21.2428278,81.5936087,Banjarimata road,,Raipur,2,0,243
hospital,Dispensary,21.2514868,81.6023593,GE Road,,Raipur,17,0,243
hospital,Sanjeevani Cbcc Usa Cancer Hospital,21.2142649,81.6503232,NH30,,Raipur,50,0,243
hospital,S.S. Hospital,21.2207349,81.3805121,Nandini Road,,Durg,3,0,105
hospital,Priyanka Hospital,21.1864725,81.2799159,Utai Road,,Durg,21,0,105
hospital,Mahima Hospital Utai,21.1175651,81.386854,Durg - Raipur - Arang Expressway,,Durg,3,0,105
hospital,Lal Bahadur Shastri Civil Hospital,21.2082539,81.3554683,Flyover,,Durg,5,0,105
hospital,Apollo Bsr Hospital,21.2162229,81.3232684,Junwani Road,,Durg,5,0,105
hospital,"Aastha Hospital, Durg",21.1172679,81.3874116,Durg - Raipur - Arang Expressway,,Durg,3,0,105
hospital,"Verma Hospital, Durg",21.1893436,81.2768917,SH7,,Durg,32,0,105
hospital,Shree Ambe Hospital,21.209254,81.3731965,NH53,,Durg,24,0,105
hospital,Aashirwad Fertility and Endoscopy Center,21.2346486,81.6077931,Mahadev Ghat Main Road,,Raipur,16,0,243
hospital,Sai Sushrusha Hospital,21.2352073,81.6418236,NH30,,Raipur,50,0,243
hospital,Sai Baba Eye Hospital,21.2595225,81.6370104,NH30,,Raipur,50,0,243
hospital,Prannath Mission Hospital,21.2647055,81.6395652,NH30,,Raipur,50,0,243
hospital,Piles Care Hospital,21.2454024,81.6468099,Canal Road,,Raipur,5,0,243
hospital,Dr. M.R. Bhagwat Memorial Hospital,21.2439374,81.6145067,G.E. Road,,Raipur,27,0,243
hospital,Chandulal Chandrakar Hospital,21.2002044,81.3225931,Durg Bypass Road,,Durg,4,0,105
hospital,Visharad Hospital,21.2391162,81.6413422,NH30,,Raipur,50,0,243
hospital,"Upadhyay Hospital, Raipur",21.2625908,81.5873668,Mahoba Bazar Road,,Raipur,2,0,243
hospital,Subham Hospital and Maternity Home,21.2599874,81.6282919,Atal Path,,Raipur,4,0,243
hospital,Subba Rao Hospital,21.2570692,81.6373428,NH30,,Raipur,50,0,243
hospital,Srimaa Sarada Arogyadham,21.2308046,81.5954804,Service Road,,Raipur,3,0,243
hospital,Sobhagya Hospital,21.2740474,81.6335745,shrinagar,,Raipur,1,0,243
hospital,"Shri Ram Hospital, Raipur",21.2361049,81.6117065,Mahadev Ghat Main Road,,Raipur,16,0,243
hospital,"Pathak Hospital, Raipur",21.264633,81.6358182,Fafadih Underpass,,Raipur,1,0,243
hospital,Parvati Hospital,21.1995218,81.3570089,Central Avenue,,Durg,7,0,105
hospital,Shri Vinayak Hospital,21.1611586,81.3350889,Utai Road,,Durg,21,0,105
hospital,Bhilai Gayatri Hospital,21.204333,81.3416523,NH53,,Durg,24,0,105
hospital,"Suraj Hospital, Durg",21.2013325,81.3214741,NH53,,Durg,24,0,105
hospital,Modi Hospital,21.2462123,81.6186909,Shyam Mandir Marg,,Raipur,7,0,243
hospital,Jagjivan Urology Centre,21.2461698,81.6239078,G.E. Road,,Raipur,27,0,243
hospital,P D Jethani Memorial Hospital and Diagnostic Center,21.2789978,81.6376406,NH30,,Raipur,50,0,243
hospital,Ganpati Hospital (Banthia Hospital),21.2458836,81.6474972,RANI SATI MANDIR COLONY ROAD,,Raipur,2,0,243
hospital,"Yashwant Hospital, Raipur",21.2399062,81.62751,G.E. Road,,Raipur,27,0,243
hospital,Om Netra Kendra,21.2487035,81.6448975,Canal Road,,Raipur,5,0,243
hospital,Roopjeevan Hospital,21.2567003,81.6410096,Devendra Nagar Chowk Flyover,,Raipur,6,0,243
hospital,Jubesta Hospital,21.257246,81.6435068,Devendra Nagar Chowk Flyover,,Raipur,6,0,243
hospital,"Jain Hospital, Raipur",21.2559026,81.6448666,Devendra Nagar Chowk Flyover,,Raipur,6,0,243
hospital,Dr. Rajehwari Kulkarni Surgical Hospital And Dia,21.2573909,81.6466855,Devendra Nagar Chowk Flyover,,Raipur,6,0,243
hospital,"Pragya Hospital, Durg",21.2093754,81.3720323,NH53,,Durg,24,0,105
hospital,Rajiv Lochan Hospital,21.1306021,81.2611278,SH7,,Durg,32,0,105
hospital,Ayushman Hospital and Diagnostic Institute,21.2345823,81.6097793,Mahadev Ghat Main Road,,Raipur,16,0,243
hospital,Bachpan Hospital,21.2293683,81.6000053,Mahadev Ghat Main Road,,Raipur,16,0,243
hospital,Bhattar Hospital,21.242349,81.6395467,NH30,,Raipur,50,0,243
hospital,City Hospital And Research Centre,21.2465523,81.6100636,Nalanda Parisar Road,,Raipur,1,0,243
hospital,Dr. Jaulkar Ent Hospital,21.2471581,81.6123417,Shyam Mandir Marg,,Raipur,7,0,243
hospital,Dr. Sandeep Bhagwat Orthopedic Hospital,21.2491114,81.6453123,NH130B,,Raipur,8,0,243
hospital,Eye and Ent Hospital,21.2495993,81.6461378,NH130B,,Raipur,8,0,243
hospital,"Heritage Hospital, Raipur",21.2604399,81.6429824,Devendra Nagar Chowk Flyover,,Raipur,6,0,243
hospital,K G N Surical and Maternity Centre,21.2342586,81.645458,Hanuman nagar road,,Raipur,2,0,243
hospital,K.M. Hospital,21.2438524,81.6384199,Choti Gali 2,,Raipur,2,0,243
hospital,M. M. Hospital,21.2605318,81.6367264,NH30,,Raipur,50,0,243
hospital,Mahadev Hospital,21.2294448,81.597827,Mahadev Ghat Main Road,,Raipur,16,0,243
hospital,Mishra Speciality Hospital,21.2615844,81.6380407,NH30,,Raipur,50,0,243
hospital,Matra Smriti Hospital,21.2686163,81.6197897,shrinagar gondwara road,,Raipur,2,0,243
hospital,M D Hospital and Iccu,21.2465873,81.6236986,G.E. Road,,Raipur,27,0,243
hospital,Amrit Kalash Hospital,21.2145208,81.2964517,Service Road,,Durg,3,0,105
hospital,"Shree Balaji Hospital, Durg",21.2103856,81.2948404,"FCI road, Durg by pass",,Durg,3,0,105
hospital,Rajvanshi Memorial Hospital,21.1821102,81.2670828,SH7,,Durg,32,0,105
hospital,Suprita Hospital,21.2564347,81.6388497,NH30,,Raipur,50,0,243
hospital,Lifeworth Super Speciality Hospital,21.2456986,81.6175885,Shyam Mandir Marg,,Raipur,7,0,243
hospital,"Vardhman Hospital, Durg",21.1906971,81.2863753,SH7,,Durg,32,0,105
hospital,Shri Manulal Memorial Medical Centre,21.2363311,81.6213289,Main road,,Raipur,7,0,243
hospital,"Sahu Hospital, Raipur",21.2554704,81.6406797,Devendra Nagar Chowk Flyover,,Raipur,6,0,243
hospital,Agrasen Hospital,21.2454224,81.6245992,G.E. Road,,Raipur,27,0,243
hospital,Pt.J N M Medical College Hospital,21.251975,81.6391427,NH30,,Raipur,50,0,243
hospital,Raipur Hospital,21.2468461,81.6415286,Entrance to SBI and Daga College,,Raipur,3,0,243
hospital,Sharma Nethralaya,21.2057046,81.3476711,Flyover,,Durg,5,0,105
hospital,"Sanjeewan Hospital, Raipur",21.2208074,81.6410136,dhamtari road,,Raipur,1,0,243
hospital,Arihant Netralaya,21.2359599,81.6381209,saprey school road,,Raipur,6,0,243
hospital,"Jan Kalyan Hospital, Bhilai",21.2367531,81.3688438,Nandini Road,,Durg,3,0,105
hospital,Govt. T.B. Hospital,21.2346921,81.6389363,NH30,,Raipur,50,0,243
hospital,Dhamdha Government Hospital,21.464124,81.332074,SH7,,Durg,32,0,105
hospital,"Government Hospital,Purena",21.198736,81.429479,NH53,,Raipur,24,0,243
hospital,"Government hospital,Khokhopara",21.23239,81.6223248,Kushalpur Main Road,,Raipur,1,0,243
hospital,Govt Hospital Rasmada,21.2023017,81.219971,Durg Bypass Road,,Durg,4,0,105
hospital,District Hospital Raipur,21.2317387,81.6401796,NH30,,Raipur,50,0,243
hospital,Shri Khudadad Dungaji Government Ayurved College Hospital,21.244933,81.605817,GE Road,,Raipur,17,0,243
hospital,Government Hospital Ahiwara,21.363337,81.422177,Nandini Road,,Durg,3,0,105
hospital,Government Hospital Charbhata,21.289485,81.0982416,,,Rajnandgaon,0,0,2
hospital,Shri Balaji Hospital,21.2261487,81.6397097,NH30,,Raipur,50,0,243
hospital,Shree Sai Hospital,21.183643,81.283768,Utai Road,,Durg,21,0,105
hospital,Jawhar Lal Nehru Hospital,21.1701705,81.2956433,Utai Road,,Durg,21,0,105
hospital,Mary Hospital,21.196056,81.289539,SH7,,Durg,32,0,105
hospital,OM Hospital,21.194682,81.293819,SH7,,Durg,32,0,105
hospital,Raipura Hospital,21.2321504,81.6035435,Mahadev Ghat Main Road,,Raipur,16,0,243
hospital,"SVM, Shailesh Verma Memorial Hospital",21.188345,81.28186,SH7,,Durg,32,0,105
hospital,Om Superspeciality Hospital,21.2292542,81.5986728,Mahadev Ghat Main Road,,Raipur,16,0,243
hospital,Mahima Hospital,21.213287,81.294932,Durg Bypass Road,,Durg,4,0,105
hospital,Shreyansh Hospital,21.1984611,81.2917588,SH7,,Durg,32,0,105
hospital,V Y Hospital,21.182563,81.295535,Utai Road,,Durg,21,0,105
hospital,Navjeevan Hospitals,21.223671,81.297633,"FCI road, Durg by pass",,Durg,3,0,105
hospital,Kankali Hospital Parisar,21.23854,81.62784,GE Road,,Raipur,17,0,243
hospital,Anjali Children Hospital,21.22115,81.649675,NH53,,Raipur,24,0,243
hospital,Jayanti Hospital,21.1928098,81.2903112,SH7,,Durg,32,0,105
hospital,District Police Hospital,21.2307216,81.6449518,NH30,,Raipur,50,0,243
hospital,Dr Manoj Agrwal,21.2437894,81.6504829,Canal Road,,Raipur,5,0,243
hospital,Jamul Hospital,21.202262,81.290018,SH7,,Durg,32,0,105
hospital,Anand Shree Hospital,21.233519,81.604322,Mahadev Ghat Main Road,,Raipur,16,0,243
hospital,Life Line Hospital,21.2328853,81.605519,Mahadev Ghat Main Road,,Raipur,16,0,243
hospital,Dr. V.S. Baghel hospital,21.1883813,81.2830465,SH7,,Durg,32,0,105
hospital,Shri Jagannath Multispeciality Hospital,21.22998,81.600057,Mahadev Ghat Main Road,,Raipur,16,0,243
hospital,Gayatri Hospital,21.239345,81.6038105,shanti vihar colony,,Raipur,1,0,243
hospital,Vijaya durga hospital,21.235824,81.63491,saprey school road,,Raipur,6,0,243
hospital,Rajdhani Super Speciality Hospital,21.2190325,81.6483451,Pachpedi Naka Flyover,,Raipur,3,0,243
hospital,Steel City Medical center - Multispeciality Hospital,21.1738543,81.2957491,Utai Road,,Durg,21,0,105
hospital,Shubham Hospital,21.23422,81.610285,Mahadev Ghat Main Road,,Raipur,16,0,243
hospital,S R Hospital and Research Centre,21.233098,81.302638,"FCI road, Durg by pass",,Durg,3,0,105
hospital,Virdi Hospital,21.2496368,81.628347,KK Road,,Raipur,8,0,243
hospital,DKS Super Speciality Hospital,21.2449632,81.6412379,NH30,,Raipur,50,0,243
hospital,Mamta Hospital,21.246905,81.631597,KK Road,,Raipur,8,0,243
hospital,GBR Nihar Hospital Jeora Sirsa Durg,21.2464488,81.3061011,SH7,,Durg,32,0,105
hospital,"Om Hospital , Burn Plastic & Cosmetic Surgery Center",21.2451108,81.6301308,KK Road,,Raipur,8,0,243
hospital,Lotus Hospital & Advance Urology Center,21.2468938,81.6485864,Canal Road,,Raipur,5,0,243
hospital,Petals Newborn And Children Hospital,21.245081,81.6245086,G.E. Road,,Raipur,27,0,243
hospital,Shashwat Hospital,21.244077,81.630207,G.E. Road,,Raipur,27,0,243
hospital,Sankalp Hospital,21.2467743,81.5723744,Service Road,,Raipur,3,0,243
hospital,"Government Hospital, Charoda",21.2080882,81.4326871,NH53,,Baloda Bazar,24,0,1
hospital,A.S.M DENTAL CLINIC,21.2371135,81.5978925,NH53,,Raipur,24,0,243
hospital,Shreevedam Dental and Aryuvedic Clinic,21.2345837,81.5954368,NH53,,Raipur,24,0,243
pharmacy,Med Shop,21.2180302,81.33233,Junwani Road,,Durg,5,0,105
pharmacy,Mahadev Medicals,21.220885,81.3068661,Junwani Road,,Durg,5,0,105
pharmacy,Jai Laxmi Medical Stores,21.2369868,81.5978014,NH53,,Raipur,24,0,243
arts_centre,Nehru Art Gallery,21.1858182,81.343277,Central Avenue,,Durg,7,0,105
cinema,shyam talkies,21.2357627,81.6325306,full chock,,Raipur,3,0,243
cinema,Bigcinema,21.2457108,81.6242215,G.E. Road,,Raipur,27,0,243
cinema,prabhat talkies,21.250197,81.6305431,KK Road,,Raipur,8,0,243
cinema,raj talkies,21.243927,81.6374024,Choti Gali 2,,Raipur,2,0,243
cinema,glitz cinemas,21.25637,81.592402,Amanaka Flyover,,Raipur,3,0,243
cinema,Miraj Cinemas,21.182462,81.3393081,Globe Chowk,,Durg,1,0,105
theatre,SSTC Auditorium,21.2165074,81.3081014,Shri Shankaracharya College Road,,Durg,2,0,105
theatre,Rang Mandir,21.236674,81.638783,saprey school road,,Raipur,6,0,243
courthouse,district court,21.2469584,81.642604,NH130B,,Raipur,8,0,243
police,"Mohan Nagar Police Station, Durg",21.1968534,81.2877296,SH7,,Durg,32,0,105
police,DDU Nagar Police station,21.2515488,81.5954033,Amanaka Flyover,,Raipur,3,0,243
police,Urla Police station,21.3083942,81.6192122,NH30,,Raipur,50,0,243
police,Amanaka Police station,21.2507507,81.5876752,Amanaka Road,,Raipur,1,0,243
police,Tikrapara Police station,21.2206286,81.6415295,Dhamtari Road,,Raipur,1,0,243
police,New Khursipar Bhilai Police Station,21.2076444,81.4005154,NH53,,Durg,24,0,105
police,traffic polish station,21.3011125,81.6362925,NH30,,Raipur,50,0,243
police,Amanaka Police Station,21.2518357,81.5997597,GE Road,,Raipur,17,0,243
police,Purani Basti Police station,21.2334685,81.6306227,Main road,,Raipur,7,0,243
post_office,General Post Office,21.2431045,81.6361365,Malviya Main Road,,Raipur,6,0,243
post_office,india post,21.259706,81.5772939,G.E. Road,,Raipur,27,0,243
post_office,india post,21.234121,81.6108084,Mahadev Ghat Main Road,,Raipur,16,0,243
clock,jail tiraha,21.1823303,81.2977905,Utai Road,,Durg,21,0,105
marketplace,Turihatri,21.2338544,81.6248754,Main road,,Raipur,7,0,243
place_of_worship,Jama Masjid Bhilai,21.2013919,81.3500934,Garage Road,,Durg,3,0,105
place_of_worship,Gurudwara,21.1954852,81.2874049,SH7,,Durg,32,0,105
place_of_worship,Mennonite Church,21.1881377,81.2841683,Utai Road,,Durg,21,0,105
place_of_worship,emmanuelle church,21.2252453,81.6434293,NH30,,Raipur,50,0,243
place_of_worship,St.Mathews CNI Church,21.2423112,81.609051,GE Road,,Raipur,17,0,243
place_of_worship,Kaivalya Dham Jain Temple,21.2470023,81.5285332,Patan - Kumari Rd.,,Durg,1,0,105
place_of_worship,Banjari mata mandir,21.3136,81.6391246,NH30,,Raipur,50,0,243
place_of_worship,iskon,21.253025,81.5584171,NH53,,Raipur,24,0,243
place_of_worship,ayyapatemple,21.26463,81.5733449,Ring Road No.2,,Raipur,3,0,243
place_of_worship,Madarsa Islahul Muslimeen,21.2390481,81.6387531,stadium road,,Raipur,4,0,243
place_of_worship,Noorani Masjid,21.2492144,81.6498433,Canal Road,,Raipur,5,0,243
place_of_worship,Jama Masjid,21.2384766,81.6352884,full chock,,Raipur,3,0,243
place_of_worship,hatkeswar temple,21.215779,81.5905263,Mahadev Ghat Main Road,,Raipur,16,0,243
